2020-10-20 15:51:31,2152172169,System Administrator (O365),MASA Global,False,False
2020-10-20 15:51:44,2155748138,Platform Architect,Grant Cardone Enterprises,False,False
2020-10-20 15:56:11,2184133351,Performance Tester (Remote to Start),CitiusTech,True,True
2020-10-20 15:56:45,2002386859,Technical Leader Transportation,Olsson,True,False
2020-10-20 15:57:08,2178262542,Purchasing Specialist,Ajilon Professional Staffing,True,True
2020-10-20 15:57:31,2216292816,Quality Assurance / Inspector - Early Career,AdamWorks,True,True
2020-10-20 15:58:00,2185781906,Quality Assurance Analyst,CU Direct,True,False
2020-10-20 15:58:24,2174459324,QA Engineer,hear.com,True,False
2020-10-20 15:58:47,2221046334,Product Owner,Brooksource,True,True
2020-10-20 16:09:22,2175469986,Quality Assurance Analyst,NagraStar,True,True
2020-10-20 16:09:50,2183084554,Cloud Security Technical Writer,Modis,True,False
2020-10-20 16:10:23,2151100781,Software Engineer,Xactware,True,False
2020-10-20 16:11:00,2211888590,QA Test Professional,ClientSolv,True,False
2020-10-20 16:11:23,2197033854,Mortgage Loan Processor,CyberCoders,True,True
2020-10-20 16:13:02,2203606976,Senior Frontend Developer,RemyCorporation,True,True
2020-10-20 16:13:25,2173702596,Senior Ruby on Rails Engineer,Russell Tobin,True,True
2020-10-20 20:43:11,2173974273,Pipeline Designer,NV5,True,False
2020-10-20 20:43:38,1989645643,Director of Regulatory and Quality (RA/QA),HepQuant,True,False
2020-10-20 20:48:15,2210138817,Administrative Assistant & Market Researcher,KM Partners,True,False
2020-10-20 20:48:42,2157940066,Data Scientist,Plutoshift,True,False
2020-10-20 20:49:09,2193858856,Data Scientist,Compri Consulting,True,False
2020-10-20 20:49:36,1973991922,Quantitative Researcher,Viega LLC,True,False
2020-10-20 20:49:59,2006390197,Sr. Data Engineer (Geospatial),KORE1,True,True
2020-10-20 20:50:41,2210060858,Research Associate I / II,LightDeck Diagnostics,True,True
2020-10-20 20:51:03,2181321915,R&D Researcher,Volt Workforce Solutions,True,True
2020-10-20 20:52:46,2165182115,Lab Assistant (temporary-to-hire),Boulder Scientific Company,True,False
2020-10-20 20:53:17,2174253373,performance tester,CitiusTech,True,True
2020-10-21 12:14:53,2181343106,"0) AVP, Operations and Lender Support",CU Direct,True,False
2020-10-21 14:44:23,2174623189,0) Information Technology Manager,Guarantee Electrical Company,True,False
2020-10-21 14:45:00,2205087020,0) IT Product Owner,ClientSolv,True,False
2020-10-21 14:45:27,2218950173,0) Information Technology Support Specialist,Modis,True,False
2020-10-21 15:38:28,2190077172,Back-end Developer (Python),Compri Consulting,True,True
2020-10-21 15:38:55,1981178001,"Senior Web Developer (Only Local Denver, CO Candidates)",Compri Consulting,True,True
2020-10-21 15:49:12,2197624705,Technical Support Specialist,Brooksource,True,True
2020-10-21 15:49:47,2005509672,Technical Support Specialist,InMotion Hosting,True,True
2020-10-21 15:50:10,2172579307,Technical Software Support Specialist,Eliassen Group,True,True
2020-10-21 15:50:37,2171056400,"Technical Support Technician - LOCAL Candidates ONLY (Denver, CO)",FORETHOUGHT.net,True,False
2020-10-21 15:51:05,2189274644,Digital Marketing Manager,SNI Companies,True,True
2020-10-21 15:51:32,2203492665,Technical Support Specialist,Advantage Tech,True,False
2020-10-21 15:53:21,2166003946,Lead Automation Test Engineer (OTT),BlueSky Resource Solutions,True,True
2020-10-21 15:53:44,2172588044,Junior Test Engineer,ATR International,True,True
2020-10-21 15:54:13,2185782189,Quality Assurance Automation Engineer,VincentBenjamin,True,True
2020-10-21 15:54:41,2206205261,Automation Engineer,HomeAdvisor,True,False
2020-10-21 15:55:11,2166937811,Mobile Test Engineer,The Select Group,True,True
2020-10-21 15:55:38,2193877558,Jr Test Engineer,Compri Consulting,True,False
2020-10-21 15:56:14,2175448921,Software Engineer in Test,SquareTrade,True,False
2020-10-21 16:19:11,2192148773,IT Help Desk Technician,ClientSolv,True,False
2020-10-21 16:19:35,2209590194,Tier II Help Desk/Destop Support,SNI Companies,True,True
2020-10-21 16:19:59,2195970483,Help Desk Specialist - 20-04277,Infinity Consulting Solutions,True,True
2020-10-21 16:20:35,2192309971,IT Service Desk Consultant,"Spry Squared, Inc.",True,False
2020-10-21 16:20:57,2163590869,Desktop Support Specialist,"Fast Enterprises, LLC",True,True
2020-10-21 16:21:25,2184301720,System Administrator,"Fast Enterprises, LLC",True,False
2020-10-21 16:21:53,2180747580,Junior System Administrator,PeerSource,True,False
2020-10-21 16:23:45,2155344708,Test Engineers and Senior Test Engineers,EPC Services Company,True,True
2020-10-21 16:24:12,1830573291,Senior Support Engineer,BillingPlatform,True,False
2020-10-21 16:24:34,2181321041,DevOps Engineer,Strategic Employment Partners (SEP),True,True
2020-10-21 16:25:01,2197003955,Voice Network Engineer,The Ash Group,True,False
2020-10-21 16:25:30,2173501493,Network Security Engineer,Entelligence,True,True
2020-10-21 16:26:06,2166398808,IT Support Engineer - Night Shift,ClientSolv,True,False
2020-10-21 16:26:28,2198081182,Senior Support Engineer,BillingPlatform,True,True
2020-10-21 16:28:09,2148270418,IT Support - 2020 Election,Compri Consulting,True,True
2020-10-21 16:28:37,2183776470,IT Support Field Technician,Rocky Mountain Tech Team,True,False
2020-10-21 16:30:22,1888132764,Information Technology Consultant,The Phoenix Group,True,False
2020-10-21 16:40:48,2191314055,Python Developer,CitiusTech,True,True
2020-10-21 16:41:11,2172594408,Jr - Mid Python and DevOps Engineer,Compri Consulting,True,True
2020-10-21 16:41:34,2206216712,Python Engineer,OmniForce Solutions,True,True
2020-10-21 16:42:01,1983053981,Python Automation Engineer,BETSOL,True,False
2020-10-21 16:42:29,2190740959,Web Developer,ADAPTURE,True,True
2020-10-21 16:44:06,2176611392,IT Delivery Specialist,Autodesk,True,False
2020-10-21 16:44:19,2222905827,Assembly Technician,Primus Aerospace,False,False
2020-10-21 16:44:32,2195931741,"Phoneticians (EN, DE, FR, IT, ES)",TransPerfect,False,False
2020-10-21 16:44:45,2187561765,Technician III - Production with Security Clearance,ClearanceJobs,False,False
2020-10-21 16:44:58,2167661750,Technician IV - Manufacturing,Ball Aerospace,False,False
2020-10-21 16:45:11,2206192601,Customer Service Advisor,Icahn Automotive,False,False
2020-10-21 16:45:24,2011300829,"Assembly Technician - Arvada, CO",LivaNova,False,False
2020-10-21 16:46:55,2166008416,Senior IT Business Analyst: SAP PP and MM experience mandatory,Excelitas Technologies Corp.,False,False
2020-10-21 16:48:24,2193265960,IT Support Technician,ClientSolv,False,False
2020-10-21 16:49:55,2159784205,Sr. Full Stack Engineer (Remote),Cypress HCM,False,False
2020-10-21 16:50:08,2188738605,Field Support Technician,Growlink,False,False
2020-10-21 16:50:21,2149979757,Senior Software Engineer- Kotlin,BETSOL,False,False
2020-10-21 16:50:34,2201702069,Integration Engineer,"MedKeeper, A Grifols Company",False,False
2020-10-21 16:54:34,1909846840,Principal Data Scientist,Spectrum,False,False
2020-10-21 16:54:47,2168457370,Data Engineer with AWS,Wipro Limited,False,False
2020-10-21 16:55:00,2193705235,Data Engineer,ClientSolv,False,False
2020-10-21 16:55:13,2193702655,Data Engineer,ClientSolv,False,False
2020-10-21 16:56:44,2188738605,Field Support Technician,Growlink,False,False
2020-10-21 16:56:56,2149762131,Solution Architect Data Analytics,Course5i,False,False
2020-10-21 16:57:09,2201702069,Integration Engineer,"MedKeeper, A Grifols Company",False,False
2020-10-21 16:59:30,2149562692,Frontend Web Developer,VincentBenjamin,False,False
2020-10-21 17:01:01,2198612806,Junior level IT Help Desk openings- immediate openings,ClientSolv,False,False
2020-10-21 17:01:14,2151021260,IT Specialist / Helpdesk Tier 2 Support,Resolute Administrative Services,False,False
2020-10-21 17:01:27,2213157741,IT Help Desk openings,ClientSolv,False,False
2020-10-21 17:01:40,2186652464,Junior level IT Help Desk openings,ClientSolv,False,False
2020-10-21 17:01:53,2190913105,Information Technology Support Technician,Brooksource,False,False
2020-10-21 17:03:24,2198612806,Junior level IT Help Desk openings- immediate openings,ClientSolv,False,False
2020-10-21 17:03:37,2151021260,IT Specialist / Helpdesk Tier 2 Support,Resolute Administrative Services,False,False
2020-10-21 17:03:50,2194391344,Service Desk Representative,CTG - Computer Task Group,False,False
2020-10-21 17:04:03,2186652464,Junior level IT Help Desk openings,ClientSolv,False,False
2020-10-21 17:04:15,2193211708,Helpdesk Support Specialist,Brooksource,False,False
2020-10-21 17:05:46,2191314055,Python Developer,CitiusTech,False,False
2020-10-21 17:05:59,2206216712,Python Engineer,OmniForce Solutions,False,False
2020-10-21 17:06:12,2224957459,Python Developer,Power TakeOff,False,False
2020-10-21 17:06:25,2193851677,Python Engineer,Apex Systems,False,False
2020-10-21 17:08:46,2193255240,Data Engineer,AIM Consulting Group,False,False
2020-10-21 17:08:59,2202353557,SR Data Engineer,Austin Fraser,False,False
2020-10-21 17:09:12,2187514331,Senior Security Researcher (Remote US),"FireEye, Inc.",False,False
2020-10-21 17:09:25,2192257759,Sr. Data Scientist,The Judge Group,False,False
2020-10-21 17:10:56,2150949359,Encompass Administrator,Associate Staffing,False,False
2020-10-21 17:12:27,2181322796,R&D Researcher - Advanced,Volt Workforce Solutions,False,False
2020-10-21 17:12:40,2202479470,Senior Data Engineer - Azure,Stott and May,False,False
2020-10-21 17:12:52,2187514331,Senior Security Researcher (Remote US),"FireEye, Inc.",False,False
2020-10-21 17:13:05,2200102366,Data Scientist,"Infomatics, Inc",False,False
2020-10-21 17:14:37,2198612806,Junior level IT Help Desk openings- immediate openings,ClientSolv,False,False
2020-10-21 17:14:49,2163592486,Application Support,Benjamin Douglas,False,False
2020-10-21 17:15:02,2186652464,Junior level IT Help Desk openings,ClientSolv,False,False
2020-10-21 17:15:15,2193211708,Helpdesk Support Specialist,Brooksource,False,False
2020-10-21 17:15:29,2159780702,Service Desk Analyst I,Vix Technology,False,False
2020-10-21 17:16:59,2170826702,Support Technician - ERP,Henderson Drake,False,False
2020-10-21 17:18:30,2201668000,Sr Buyer,Ajilon Professional Staffing,False,False
2020-10-21 17:20:01,2149562692,Frontend Web Developer,VincentBenjamin,False,False
2020-10-21 17:21:31,2188738605,Field Support Technician,Growlink,False,False
2020-10-21 17:21:44,2149979757,Senior Software Engineer- Kotlin,BETSOL,False,False
2020-10-21 17:21:57,2201702069,Integration Engineer,"MedKeeper, A Grifols Company",False,False
2020-10-21 17:23:28,2181322796,R&D Researcher - Advanced,Volt Workforce Solutions,False,False
2020-10-21 17:23:41,2202479470,Senior Data Engineer - Azure,Stott and May,False,False
2020-10-21 17:23:54,2187514331,Senior Security Researcher (Remote US),"FireEye, Inc.",False,False
2020-10-21 17:24:07,2200102366,Data Scientist,"Infomatics, Inc",False,False
2020-10-21 17:25:38,2166008416,Senior IT Business Analyst: SAP PP and MM experience mandatory,Excelitas Technologies Corp.,False,False
2020-10-21 17:27:09,2191314055,Python Developer,CitiusTech,False,False
2020-10-21 17:27:22,2172594408,Jr - Mid Python and DevOps Engineer,Compri Consulting,False,False
2020-10-21 17:27:35,2206216712,Python Engineer,OmniForce Solutions,False,False
2020-10-21 17:27:48,2224957459,Python Developer,Power TakeOff,False,False
2020-10-21 17:28:01,1983053981,Python Automation Engineer,BETSOL,False,False
2020-10-21 17:28:14,2190740959,Web Developer,ADAPTURE,False,False
2020-10-21 17:29:44,2198612806,Junior level IT Help Desk openings- immediate openings,ClientSolv,False,False
2020-10-21 17:29:57,2151021260,IT Specialist / Helpdesk Tier 2 Support,Resolute Administrative Services,False,False
2020-10-21 17:30:10,2213157741,IT Help Desk openings,ClientSolv,False,False
2020-10-21 17:30:23,2186652464,Junior level IT Help Desk openings,ClientSolv,False,False
2020-10-21 17:30:36,2190913105,Information Technology Support Technician,Brooksource,False,False
2020-10-21 17:32:06,2155352247,Managing Forensic Engineer,Keystone Experts + Engineers,False,False
2020-10-21 17:34:27,1909846840,Principal Data Scientist,Spectrum,False,False
2020-10-21 17:34:40,2168457370,Data Engineer with AWS,Wipro Limited,False,False
2020-10-21 17:34:52,2193705235,Data Engineer,ClientSolv,False,False
2020-10-21 17:35:05,2193702655,Data Engineer,ClientSolv,False,False
2020-10-21 17:36:36,2193034437,Pre-Sales Technical Support Specialist,Amplifire (Knowledge Factor),False,False
2020-10-21 17:36:49,2149771705,Technical Support Boulder County Elections,Compri Consulting,False,False
2020-10-21 17:39:08,2193034437,Pre-Sales Technical Support Specialist,Amplifire (Knowledge Factor),False,False
2020-10-21 17:39:21,2149771705,Technical Support Boulder County Elections,Compri Consulting,False,False
2020-10-21 17:40:51,2202353557,SR Data Engineer,Austin Fraser,False,False
2020-10-21 17:41:04,2187514331,Senior Security Researcher (Remote US),"FireEye, Inc.",False,False
2020-10-21 17:41:17,2191760124,Senior Data Engineer,Optello,False,False
2020-10-21 17:41:30,2192257759,Sr. Data Scientist,The Judge Group,False,False
2020-10-21 17:43:00,2212154897,Java Software Engineer - AI,"Goldstone Partners, Inc.",False,False
2020-10-21 17:44:32,2198612806,Junior level IT Help Desk openings- immediate openings,ClientSolv,False,False
2020-10-21 17:44:45,2151021260,IT Specialist / Helpdesk Tier 2 Support,Resolute Administrative Services,False,False
2020-10-21 17:44:58,2186652464,Junior level IT Help Desk openings,ClientSolv,False,False
2020-10-21 17:45:11,2190913105,Information Technology Support Technician,Brooksource,False,False
2020-10-21 17:46:41,2166008416,Senior IT Business Analyst: SAP PP and MM experience mandatory,Excelitas Technologies Corp.,False,False
2020-10-21 17:49:51,2170826702,Support Technician - ERP,Henderson Drake,False,False
2020-10-21 17:51:22,2212305560,Sample Management Coodinator,SomaLogic,False,False
2020-10-21 17:52:53,2190856694,Electrical Engineer,UP Professional Solutions,False,False
2020-10-21 17:55:14,2155352247,Managing Forensic Engineer,Keystone Experts + Engineers,False,False
2020-10-21 17:58:26,2179039551,Full-Stack Web Developer,SnackCrate,False,False
2020-10-21 17:58:39,2191314055,Python Developer,CitiusTech,False,False
2020-10-21 17:58:52,2172594408,Jr - Mid Python and DevOps Engineer,Compri Consulting,False,False
2020-10-21 17:59:05,2206216712,Python Engineer,OmniForce Solutions,False,False
2020-10-21 17:59:18,1983053981,Python Automation Engineer,BETSOL,False,False
2020-10-21 17:59:31,2190740959,Web Developer,ADAPTURE,False,False
2020-10-21 18:01:51,2193853446,Quality Assurance Engineer,A2Z Sync,False,False
2020-10-21 18:02:04,2180123434,Revenue Analyst,Rented,False,False
2020-10-21 18:03:35,2188738605,Field Support Technician,Growlink,False,False
2020-10-21 18:03:48,1981106964,Lead Systems Engineer,"Krayden, Inc.",False,False
2020-10-21 18:04:01,2201702069,Integration Engineer,"MedKeeper, A Grifols Company",False,False
2020-10-22 09:48:21,2166008416,Senior IT Business Analyst: SAP PP and MM experience mandatory,Excelitas Technologies Corp.,True,True
2020-10-22 09:48:34,2148270418,IT Support - 2020 Election,Compri Consulting,False,False
2020-10-22 09:48:48,2218950173,Information Technology Support Specialist,Modis,False,False
2020-10-22 09:50:19,2197624705,Technical Support Specialist,Brooksource,False,False
2020-10-22 09:50:43,2193034437,Pre-Sales Technical Support Specialist,Amplifire (Knowledge Factor),True,True
2020-10-22 09:50:57,2203492665,Technical Support Specialist,Advantage Tech,False,False
2020-10-22 09:51:11,2005509672,Technical Support Specialist,InMotion Hosting,False,False
2020-10-22 09:51:24,2172579307,Technical Software Support Specialist,Eliassen Group,False,False
2020-10-22 09:51:47,2149771705,Technical Support Boulder County Elections,Compri Consulting,True,True
2020-10-22 09:52:01,2218950173,Information Technology Support Specialist,Modis,False,False
2020-10-22 09:53:33,2175469986,Quality Assurance Analyst,NagraStar,False,False
2020-10-22 09:54:00,2198872361,Firmware Test Engineer,Compri Consulting,True,False
2020-10-22 09:54:36,2211888590,QA Test Professional,ClientSolv,True,False
2020-10-22 09:54:50,2216292816,Quality Assurance / Inspector - Early Career,AdamWorks,False,False
2020-10-22 09:55:17,2185781906,Quality Assurance Analyst,CU Direct,True,False
2020-10-22 09:55:41,2195933076,Firmware Tester - 20-04274,Infinity Consulting Solutions,True,True
2020-10-22 09:56:18,2226853396,Quality Assurance Engineer,"SEAKR Engineering, Inc.",True,False
2020-10-22 09:57:49,2198612806,Junior level IT Help Desk openings- immediate openings,ClientSolv,False,False
2020-10-22 09:58:12,2151021260,IT Specialist / Helpdesk Tier 2 Support,Resolute Administrative Services,True,True
2020-10-22 09:58:48,2213157741,IT Help Desk openings,ClientSolv,True,False
2020-10-22 09:59:24,2186652464,Junior level IT Help Desk openings,ClientSolv,True,False
2020-10-22 09:59:53,2190913105,Information Technology Support Technician,Brooksource,True,True
2020-10-22 10:00:21,2183776470,IT Support Field Technician,Rocky Mountain Tech Team,True,False
2020-10-22 10:00:35,2218950173,Information Technology Support Specialist,Modis,False,False
2020-10-22 10:02:06,2197624705,Technical Support Specialist,Brooksource,False,False
2020-10-22 10:02:20,2193034437,Pre-Sales Technical Support Specialist,Amplifire (Knowledge Factor),False,False
2020-10-22 10:02:33,2203492665,Technical Support Specialist,Advantage Tech,False,False
2020-10-22 10:02:47,2005509672,Technical Support Specialist,InMotion Hosting,False,False
2020-10-22 10:03:00,2172579307,Technical Software Support Specialist,Eliassen Group,False,False
2020-10-22 10:03:14,2149771705,Technical Support Boulder County Elections,Compri Consulting,False,False
2020-10-22 10:03:28,2218950173,Information Technology Support Specialist,Modis,False,False
2020-10-22 10:04:59,2197624705,Technical Support Specialist,Brooksource,False,False
2020-10-22 10:05:13,2005509672,Technical Support Specialist,InMotion Hosting,False,False
2020-10-22 10:05:26,2172579307,Technical Software Support Specialist,Eliassen Group,False,False
2020-10-22 10:05:55,2195639115,Network Implementation Technician,AIETA,True,True
2020-10-22 10:06:09,2171056400,"Technical Support Technician - LOCAL Candidates ONLY (Denver, CO)",FORETHOUGHT.net,False,False
2020-10-22 10:06:22,2203492665,Technical Support Specialist,Advantage Tech,False,False
2020-10-22 10:06:36,2218950173,Information Technology Support Specialist,Modis,False,False
2020-10-22 10:08:17,2165501377,"Backend Engineer- Node - Denver, CO",MeetingOne,True,True
2020-10-22 10:08:30,2175469986,Quality Assurance Analyst,NagraStar,False,False
2020-10-22 10:08:57,2190311564,Technical Support Consultant,Next Technik - NetSuite Native SuiteApps,True,False
2020-10-22 10:09:11,2185782189,Quality Assurance Automation Engineer,VincentBenjamin,False,False
2020-10-22 10:09:36,2185781906,Quality Assurance Analyst,CU Direct,True,False
2020-10-22 10:10:02,2174459324,QA Engineer,hear.com,True,False
2020-10-22 10:10:16,2221046334,Product Owner,Brooksource,False,False
2020-10-22 10:12:13,2194826817,Production Support Engineer,"Marqeta, Inc",True,False
2020-10-22 10:12:27,2193034437,Pre-Sales Technical Support Specialist,Amplifire (Knowledge Factor),False,False
2020-10-22 10:12:56,2002466280,Cloud Support Engineer (Azure / Work remote),NetApp,True,True
2020-10-22 10:13:24,2190311564,Technical Support Consultant,Next Technik - NetSuite Native SuiteApps,True,False
